Metric,Value
Accuracy,0.8687782805429864
Precision,0.8792199200867931
Recall,0.8687782805429864
F1-Score,0.863089229300646
